iteration,type,id,money
1,agent,G0,8930000.00
1,agent,G1,65520000.00
1,agent,G2,15200000.00
1,agent,G3,22556830.55
1,agent,G4,60350000.00
1,agent,G5,12300000.00
1,agent,G6,22776018.00
1,agent,G7,17472830.55
1,agent,G8,31360000.00
1,agent,G9,96000000.00
1,firm,F0,35150338.90
1,firm,F1,9000000.00
1,firm,F2,59000000.00
1,firm,F3,72000000.00
1,firm,F4,31000000.00
1,firm,F5,86823982.00
1,firm,F6,46000000.00
1,firm,F7,39000000.00
1,firm,F8,23000000.00
10,agent,G0,17233209.18
10,agent,G1,49926544.21
10,agent,G2,14603545.59
10,agent,G3,7467541.55
10,agent,G4,43867216.66
10,agent,G5,9969116.65
10,agent,G6,21601289.20
10,agent,G7,8522336.14
10,agent,G8,85040025.58
10,agent,G9,100914168.66
10,firm,F0,9769101.59
10,firm,F1,34282627.70
10,firm,F2,62114801.55
10,firm,F3,72235856.55
10,firm,F4,61226599.42
20,agent,G0,9979302.32
20,agent,G1,43466165.21
20,agent,G2,11796760.88
20,agent,G3,41300548.45
20,agent,G4,25932191.96
20,agent,G5,-5284412.75
20,agent,G6,16407603.68
20,agent,G7,2564873.68
20,agent,G8,114493659.13
20,agent,G9,85121440.75
20,firm,F0,12449140.67
20,firm,F1,13577231.76
20,firm,F2,82067608.93
20,firm,F3,21215418.95
20,firm,F4,14755039.95
20,firm,F5,12413005.84
20,firm,F6,71329312.20
30,agent,G0,10660759.87
30,agent,G1,67905311.33
30,agent,G2,18412956.86
30,agent,G3,20887880.94
30,agent,G4,27664042.26
30,agent,G5,-4235113.84
30,agent,G6,35633.93
30,agent,G7,5100949.68
30,agent,G8,60705976.11
30,agent,G9,102743018.39
30,firm,F0,60854721.04
30,firm,F1,77673467.19
30,firm,F2,14998655.27
30,firm,F3,9467290.46
30,firm,F4,51364905.59
30,firm,F5,4733645.23
30,firm,F6,5487467.77
30,firm,F7,1556274.08
30,firm,F8,1556274.08
40,agent,G0,8707788.31
40,agent,G1,80315644.17
40,agent,G2,38018728.52
40,agent,G3,36234105.73
40,agent,G4,25431603.79
40,agent,G5,-4235113.84
40,agent,G6,14899647.53
40,agent,G7,2906377.79
40,agent,G8,60705976.11
40,agent,G9,66555668.59
40,firm,F0,45608986.79
40,firm,F1,60061400.87
40,firm,F2,10208213.84
40,firm,F3,4892554.76
40,firm,F4,5295290.08
40,firm,F5,5029047.76
40,firm,F6,26882888.09
40,firm,F7,26882888.09
40,firm,F8,10802870.09
40,firm,F9,2366822.61
40,firm,F10,1183411.31
40,firm,F11,1183411.31
40,firm,F12,7301577.91
50,agent,G0,7157853.03
50,agent,G1,73108350.31
50,agent,G2,21701317.94
50,agent,G3,53107176.73
50,agent,G4,25917043.09
50,agent,G5,903332.67
50,agent,G6,29928859.30
50,agent,G7,49869155.68
50,agent,G8,47082853.34
50,agent,G9,15290256.55
50,firm,F0,56391868.57
50,firm,F1,20772979.26
50,firm,F2,13848655.04
50,firm,F3,31250350.29
50,firm,F4,2631424.72
50,firm,F5,4251490.86
50,firm,F6,10440249.88
50,firm,F7,10440249.88
50,firm,F8,20551771.70
50,firm,F9,2514523.88
50,firm,F10,3697935.19
50,firm,F11,8343123.05
50,firm,F12,9560163.46
50,firm,F13,5026914.16
50,firm,F14,5026914.16
60,agent,G0,7646529.54
60,agent,G1,31034272.48
60,agent,G2,50180916.50
60,agent,G3,20169342.70
60,agent,G4,41801181.69
60,agent,G5,-140354.85
60,agent,G6,8338307.46
60,agent,G7,2928847.78
60,agent,G8,18160749.33
60,agent,G9,15196120.81
60,firm,F0,37423529.84
60,firm,F1,26808757.82
60,firm,F2,9524213.84
60,firm,F3,10772819.36
60,firm,F4,4583689.79
60,firm,F5,2884802.89
60,firm,F6,3727349.15
60,firm,F7,6685697.29
60,firm,F8,4176099.95
60,firm,F9,4176099.95
60,firm,F10,20934794.42
60,firm,F11,11912284.65
60,firm,F12,3768050.29
60,firm,F13,3766666.04
60,firm,F14,6257998.27
70,agent,G0,20723501.06
70,agent,G1,3973733.16
70,agent,G2,25040605.77
70,agent,G3,10843929.21
70,agent,G4,39357473.01
70,agent,G5,-140354.85
70,agent,G6,21940249.68
70,agent,G7,926584.19
70,agent,G8,10609764.29
70,agent,G9,22263286.61
70,firm,F0,27007163.44
70,firm,F1,10647641.36
70,firm,F2,6360985.29
70,firm,F3,5712186.49
70,firm,F4,4819945.83
70,firm,F5,4388174.93
70,firm,F6,68644439.98
70,firm,F7,13202412.56
70,firm,F8,1889306.16
70,firm,F9,25368768.44
70,firm,F10,10294341.38
70,firm,F11,7773464.20
70,firm,F12,7773464.20
80,agent,G0,31860133.76
80,agent,G1,971697.51
80,agent,G2,15584901.09
80,agent,G3,3948677.26
80,agent,G4,15588703.63
80,agent,G5,-125626.50
80,agent,G6,30942441.31
80,agent,G7,-1400499.31
80,agent,G8,36303855.48
80,agent,G9,14640359.83
80,firm,F0,10647641.36
80,firm,F1,7773464.20
80,firm,F2,67954101.16
80,firm,F3,4048905.37
80,firm,F4,7618359.36
80,firm,F5,33859592.53
80,firm,F6,2856093.24
80,firm,F7,6643648.01
80,firm,F8,8136338.36
80,firm,F9,14352363.42
80,firm,F10,14352363.42
90,agent,G0,680569.61
90,agent,G1,-9875401.49
90,agent,G2,11465841.01
90,agent,G3,3948677.26
90,agent,G4,3347644.86
90,agent,G5,25731737.95
90,agent,G6,29781195.52
90,agent,G7,2060329.76
90,agent,G8,68141302.48
90,agent,G9,11810292.33
90,firm,F0,4048905.37
90,firm,F1,22805923.53
90,firm,F2,8915963.36
90,firm,F3,4368664.03
90,firm,F4,3886732.10
90,firm,F5,12307851.92
90,firm,F6,3956417.51
90,firm,F7,36308316.46
90,firm,F8,65696648.92
100,agent,G0,2939449.91
100,agent,G1,-3519675.63
100,agent,G2,9942803.27
100,agent,G3,2308367.73
100,agent,G4,929045.09
100,agent,G5,14405966.81
100,agent,G6,33899470.52
100,agent,G7,14231022.08
100,agent,G8,53105063.26
100,agent,G9,1398666.38
100,firm,F0,4021164.94
100,firm,F1,3076962.98
100,firm,F2,4946099.99
100,firm,F3,10011497.84
100,firm,F4,45970686.18
100,firm,F5,29914314.35
100,firm,F6,25796039.35
100,firm,F7,19552581.77
100,firm,F8,19552581.77
110,agent,G0,1714835.10
110,agent,G1,17490952.23
110,agent,G2,5292639.12
110,agent,G3,1543959.63
110,agent,G4,1323788.58
110,agent,G5,2531151.89
110,agent,G6,17539621.98
110,agent,G7,5775165.71
110,agent,G8,18840092.46
110,agent,G9,326094.79
110,firm,F0,3375503.24
110,firm,F1,11969807.58
110,firm,F2,32620343.54
110,firm,F3,9973113.60
110,firm,F4,3429616.35
110,firm,F5,12547673.56
110,firm,F6,32960053.57
110,firm,F7,8149314.65
110,firm,F8,8149314.65
120,agent,G0,-2972.40
120,agent,G1,35520769.93
120,agent,G2,6930073.50
120,agent,G3,1198716.24
120,agent,G4,2076139.81
120,agent,G5,1330265.70
120,agent,G6,9264653.76
120,agent,G7,2491268.70
120,agent,G8,20149333.76
120,agent,G9,-470064.21
120,firm,F0,11836482.90
120,firm,F1,10774397.70
120,firm,F2,33849516.83
120,firm,F3,1198906.05
120,firm,F4,915093.10
120,firm,F5,915093.10
120,firm,F6,9457720.00
120,firm,F7,10457773.78
120,firm,F8,34265273.85
120,firm,F9,534378.76
120,firm,F10,534378.76
130,agent,G0,3614948.11
130,agent,G1,22046200.57
130,agent,G2,5020124.46
130,agent,G3,706074.22
130,agent,G4,10043042.65
130,agent,G5,4302561.92
130,agent,G6,7719962.81
130,agent,G7,2613570.00
130,agent,G8,20149333.76
130,agent,G9,105402.86
130,firm,F0,8141401.70
130,firm,F1,1221283.45
130,firm,F2,41339463.31
130,firm,F3,596348.48
130,firm,F4,8820623.65
130,firm,F5,10019529.70
130,firm,F6,2699251.39
130,firm,F7,9512879.68
130,firm,F8,9512879.68
130,firm,F9,5975092.75
130,firm,F10,15042523.46
140,agent,G0,5743890.25
140,agent,G1,3329757.68
140,agent,G2,2966440.39
140,agent,G3,7096809.11
140,agent,G4,7924445.79
140,agent,G5,8846520.27
140,agent,G6,8512697.11
140,agent,G7,6112968.73
140,agent,G8,24632439.77
140,agent,G9,105402.86
140,firm,F0,1441853.17
140,firm,F1,14127938.29
140,firm,F2,18333503.33
140,firm,F3,2987546.38
140,firm,F4,11852649.17
140,firm,F5,4504588.18
140,firm,F6,17395707.90
140,firm,F7,21783088.93
140,firm,F8,18222479.22
150,agent,G0,-168276.40
150,agent,G1,3049711.48
150,agent,G2,8644668.89
150,agent,G3,3407652.56
150,agent,G4,14210840.65
150,agent,G5,2327148.66
150,agent,G6,5184832.17
150,agent,G7,7699396.68
150,agent,G8,9080887.20
150,agent,G9,15913958.35
150,firm,F0,12340621.02
150,firm,F1,9996526.37
150,firm,F2,15301727.18
150,firm,F3,7533822.58
150,firm,F4,4340879.87
150,firm,F5,3766911.29
150,firm,F6,5321550.73
150,firm,F7,5321550.73
160,agent,G0,-108602.98
160,agent,G1,-1724030.19
160,agent,G2,1965930.44
160,agent,G3,1145906.18
160,agent,G4,4957116.25
160,agent,G5,2665651.92
160,agent,G6,1828335.38
160,agent,G7,5351959.55
160,agent,G8,7814425.72
160,agent,G9,9228065.37
160,firm,F0,9559316.23
160,firm,F1,19433792.03
160,firm,F2,415752.31
160,firm,F3,571641.27
160,firm,F4,22099427.21
170,agent,G0,898093.75
170,agent,G1,-409837.23
170,agent,G2,-63804.50
170,agent,G3,1145906.18
170,agent,G4,7692846.55
170,agent,G5,6129510.21
170,agent,G6,1517076.12
170,agent,G7,845236.12
170,agent,G8,3932915.44
170,agent,G9,6368339.50
170,firm,F0,9951145.42
170,firm,F1,18132697.15
170,firm,F2,579336.58
170,firm,F3,12035681.09
170,firm,F4,6584165.31
170,firm,F5,812420.34
170,firm,F6,1366696.62
170,firm,F7,3401387.02
170,firm,F8,3401387.02
180,agent,G0,446519.72
180,agent,G1,-228914.54
180,agent,G2,-75656.97
180,agent,G3,1301705.47
180,agent,G4,11263609.69
180,agent,G5,3411824.22
180,agent,G6,1574072.12
180,agent,G7,333632.78
180,agent,G8,2251085.44
180,agent,G9,7881986.50
180,firm,F0,5501918.49
180,firm,F1,1862124.43
180,firm,F2,3122568.97
180,firm,F3,2535848.97
180,firm,F4,9628550.27
190,agent,G0,2462924.98
190,agent,G1,-205193.89
190,agent,G2,-75656.97
190,agent,G3,4818569.50
190,agent,G4,8531149.24
190,agent,G5,1145380.56
190,agent,G6,-1074802.90
190,agent,G7,1616287.41
190,agent,G8,2209970.36
190,agent,G9,4068075.82
190,firm,F0,2834009.43
190,firm,F1,755239.31
190,firm,F2,8907950.89
190,firm,F3,875320.06
190,firm,F4,802581.65
190,firm,F5,802581.65
190,firm,F6,802581.65
200,agent,G0,-407107.71
200,agent,G1,6402457.86
200,agent,G2,2275973.72
200,agent,G3,5143636.30
200,agent,G4,4146899.48
200,agent,G5,1043299.85
200,agent,G6,-860412.93
200,agent,G7,1105279.40
200,agent,G8,555743.46
200,agent,G9,-392453.81
200,firm,F0,802581.65
200,firm,F1,1557820.97
200,firm,F2,1480901.88
200,firm,F3,567546.30
200,firm,F4,250602.51
200,firm,F5,250602.51
200,firm,F6,2681190.14
210,agent,G0,-139223.87
210,agent,G1,2917105.49
210,agent,G2,2160423.99
210,agent,G3,623704.62
210,agent,G4,2641706.09
210,agent,G5,831020.29
210,agent,G6,-607172.39
210,agent,G7,2313961.33
210,agent,G8,215376.93
210,agent,G9,-252910.09
210,firm,F0,324870.85
210,firm,F1,508659.96
210,firm,F2,508222.15
210,firm,F3,235947.65
210,firm,F4,946924.26
210,firm,F5,1682480.37
210,firm,F6,1966116.59
220,agent,G0,-111766.38
220,agent,G1,2921868.77
220,agent,G2,1251584.49
220,agent,G3,157296.70
220,agent,G4,3268890.57
220,agent,G5,485776.25
220,agent,G6,-607172.39
220,agent,G7,2653363.92
220,agent,G8,190514.36
220,agent,G9,-196324.03
220,firm,F0,945692.05
220,firm,F1,202649.55
220,firm,F2,790887.60
220,firm,F3,789427.69
220,firm,F4,806679.90
220,firm,F5,806679.90
220,firm,F6,101324.77
220,firm,F7,101324.77
220,firm,F8,201654.26
220,firm,F9,201654.26
220,firm,F10,945987.11
230,agent,G0,-111766.38
230,agent,G1,1594795.63
230,agent,G2,1251584.49
230,agent,G3,-9858.06
230,agent,G4,3610088.57
230,agent,G5,1563714.29
230,agent,G6,-522266.79
230,agent,G7,2778174.87
230,agent,G8,-95608.51
230,agent,G9,-157128.91
230,firm,F0,740929.88
230,firm,F1,625815.61
230,firm,F2,766589.29
230,firm,F3,662304.90
230,firm,F4,96116.19
230,firm,F5,200887.77
230,firm,F6,50662.39
230,firm,F7,185609.84
230,firm,F8,162784.09
230,firm,F9,640927.42
230,firm,F10,25331.19
230,firm,F11,190461.59
230,firm,F12,1050411.76
230,firm,F13,106821.24
230,firm,F14,106821.24
240,agent,G0,-119646.03
240,agent,G1,541138.58
240,agent,G2,1173851.07
240,agent,G3,302765.22
240,agent,G4,3365225.17
240,agent,G5,1469611.44
240,agent,G6,-374268.21
240,agent,G7,2389003.30
240,agent,G8,-85695.91
240,agent,G9,488719.94
240,firm,F0,662304.90
240,firm,F1,200887.77
240,firm,F2,50662.39
240,firm,F3,179461.90
240,firm,F4,162784.09
240,firm,F5,190461.59
240,firm,F6,87902.34
240,firm,F7,1035859.57
240,firm,F8,118490.71
240,firm,F9,53368.09
240,firm,F10,446803.18
240,firm,F11,446803.18
240,firm,F12,520715.54
240,firm,F13,86306.68
240,firm,F14,509353.84
240,firm,F15,254676.92
240,firm,F16,891792.26
250,agent,G0,529908.76
250,agent,G1,1316661.34
250,agent,G2,2519676.51
250,agent,G3,163472.42
250,agent,G4,1070142.82
250,agent,G5,797851.27
250,agent,G6,-374268.21
250,agent,G7,2210558.89
250,agent,G8,-76622.34
250,agent,G9,617196.90
250,firm,F0,184261.79
250,firm,F1,52314.49
250,firm,F2,167324.99
250,firm,F3,190461.59
250,firm,F4,157988.12
250,firm,F5,427510.78
250,firm,F6,418739.18
250,firm,F7,617127.54
250,firm,F8,480074.87
250,firm,F9,532291.13
250,firm,F10,238433.64
250,firm,F11,314031.79
250,firm,F12,222948.07
250,firm,F13,254676.92
250,firm,F14,254676.92
250,firm,F15,766711.16
250,firm,F16,191677.63
250,firm,F17,108508.67
250,firm,F18,458064.68
250,firm,F19,89730.95
250,firm,F20,89730.95
260,agent,G0,364710.92
260,agent,G1,525837.72
260,agent,G2,1471992.78
260,agent,G3,177250.52
260,agent,G4,444523.75
260,agent,G5,191641.00
260,agent,G6,-109119.11
260,agent,G7,1491698.83
260,agent,G8,284604.21
260,agent,G9,463535.42
260,firm,F0,157635.94
260,firm,F1,41851.60
260,firm,F2,152369.27
260,firm,F3,381515.18
260,firm,F4,342952.01
260,firm,F5,364744.69
260,firm,F6,425832.90
260,firm,F7,206801.43
260,firm,F8,178358.45
260,firm,F9,203741.54
260,firm,F10,171863.75
260,firm,F11,656420.44
260,firm,F12,132832.73
260,firm,F13,61979.96
260,firm,F14,95373.46
260,firm,F15,37150.99
260,firm,F16,98649.49
260,firm,F17,66930.00
260,firm,F18,177555.47
260,firm,F19,177555.47
260,firm,F20,245573.34
260,firm,F21,238596.62
260,firm,F22,42483.27
260,firm,F23,42483.27
260,firm,F24,110881.98
260,firm,F25,110881.98
260,firm,F26,120074.52
270,agent,G0,429810.74
270,agent,G1,305507.68
270,agent,G2,1584882.52
270,agent,G3,133023.92
270,agent,G4,1035980.66
270,agent,G5,153589.91
270,agent,G6,-69984.67
270,agent,G7,940117.62
270,agent,G8,294205.64
270,agent,G9,407013.95
270,firm,F0,157635.94
270,firm,F1,439938.43
270,firm,F2,181332.03
270,firm,F3,207649.67
270,firm,F4,171223.55
270,firm,F5,95373.46
270,firm,F6,57786.99
270,firm,F7,102444.84
270,firm,F8,249919.40
270,firm,F9,242100.07
270,firm,F10,42483.27
270,firm,F11,110881.98
270,firm,F12,120074.52
270,firm,F13,402888.17
270,firm,F14,219407.07
270,firm,F15,834778.89
270,firm,F16,482526.70
270,firm,F17,131261.01
270,firm,F18,481549.36
270,firm,F19,164296.24
270,firm,F20,164296.24
280,agent,G0,483020.01
280,agent,G1,334721.91
280,agent,G2,893699.05
280,agent,G3,122795.35
280,agent,G4,1290817.77
280,agent,G5,153589.91
280,agent,G6,-69984.67
280,agent,G7,892077.22
280,agent,G8,377906.73
280,agent,G9,310773.65
280,firm,F0,214767.42
280,firm,F1,200526.03
280,firm,F2,289156.87
280,firm,F3,174555.58
280,firm,F4,57786.99
280,firm,F5,571029.57
280,firm,F6,219407.07
280,firm,F7,817540.29
280,firm,F8,463100.84
280,firm,F9,601623.88
280,firm,F10,148882.44
280,firm,F11,329920.70
280,firm,F12,83817.87
280,firm,F13,86552.76
280,firm,F14,86872.14
280,firm,F15,86872.14
280,firm,F16,512451.75
280,firm,F17,219969.21
280,firm,F18,219969.21
290,agent,G0,291094.00
290,agent,G1,369615.65
290,agent,G2,887669.84
290,agent,G3,-24757.39
290,agent,G4,1007713.47
290,agent,G5,153589.91
290,agent,G6,-56182.86
290,agent,G7,276178.04
290,agent,G8,1375819.09
290,agent,G9,390173.50
290,firm,F0,290288.60
290,firm,F1,177351.89
290,firm,F2,740855.61
290,firm,F3,333804.84
290,firm,F4,601623.88
290,firm,F5,83817.87
290,firm,F6,129168.76
290,firm,F7,91144.96
290,firm,F8,219969.21
290,firm,F9,219969.21
290,firm,F10,50747.49
290,firm,F11,100263.02
290,firm,F12,1211786.60
290,firm,F13,372365.62
290,firm,F14,158050.00
290,firm,F15,159155.93
290,firm,F16,159155.93
300,agent,G0,606314.97
300,agent,G1,210985.95
300,agent,G2,499716.39
300,agent,G3,-24757.39
300,agent,G4,930046.01
300,agent,G5,592737.06
300,agent,G6,-40353.50
300,agent,G7,-123012.98
300,agent,G8,1187709.57
300,agent,G9,347067.73
300,firm,F0,287209.16
300,firm,F1,177351.89
300,firm,F2,628947.33
300,firm,F3,83817.87
300,firm,F4,348288.02
300,firm,F5,222512.12
300,firm,F6,372365.62
300,firm,F7,297837.73
300,firm,F8,104391.13
300,firm,F9,957414.34
300,firm,F10,76978.25
300,firm,F11,1091562.14
300,firm,F12,122811.62
300,firm,F13,155103.81
300,firm,F14,159687.44
310,agent,G0,363261.74
310,agent,G1,157928.87
310,agent,G2,537008.61
310,agent,G3,583472.39
310,agent,G4,972671.11
310,agent,G5,417881.24
310,agent,G6,201775.61
310,agent,G7,77286.13
310,agent,G8,489000.70
310,agent,G9,110244.55
310,firm,F0,349177.99
310,firm,F1,1139965.74
310,firm,F2,116086.16
310,firm,F3,139904.68
310,firm,F4,135138.17
310,firm,F5,55628.03
310,firm,F6,549717.51
310,firm,F7,216538.03
310,firm,F8,595327.56
310,firm,F9,174348.38
310,firm,F10,174348.38
310,firm,F11,442045.88
310,firm,F12,870786.33
320,agent,G0,362797.12
320,agent,G1,-33036.17
320,agent,G2,258101.27
320,agent,G3,403905.20
320,agent,G4,886997.21
320,agent,G5,296272.56
320,agent,G6,145278.44
320,agent,G7,39996.83
320,agent,G8,266827.80
320,agent,G9,37618.24
320,firm,F0,817912.41
320,firm,F1,98071.97
320,firm,F2,371432.94
320,firm,F3,22775.79
320,firm,F4,458839.07
320,firm,F5,470906.97
320,firm,F6,69739.35
320,firm,F7,1076761.74
320,firm,F8,369201.76
330,agent,G0,521392.52
330,agent,G1,-33036.17
330,agent,G2,405711.42
330,agent,G3,318421.99
330,agent,G4,498541.09
330,agent,G5,265023.59
330,agent,G6,225541.12
330,agent,G7,32056.18
330,agent,G8,298488.74
330,agent,G9,59693.28
330,firm,F0,466259.34
330,firm,F1,368454.76
330,firm,F2,362651.21
330,firm,F3,411554.56
330,firm,F4,53583.98
330,firm,F5,870792.34
330,firm,F6,716651.88
330,firm,F7,36874.23
330,firm,F8,36874.23
330,firm,F9,27200.16
330,firm,F10,26791.99
330,firm,F11,92294.03
330,firm,F12,92294.03
330,firm,F13,11387.89
330,firm,F14,11387.89
340,agent,G0,518789.87
340,agent,G1,6041.62
340,agent,G2,363288.67
340,agent,G3,211910.43
340,agent,G4,498541.09
340,agent,G5,416200.06
340,agent,G6,222519.10
340,agent,G7,84240.62
340,agent,G8,242205.68
340,agent,G9,-159952.65
340,firm,F0,400731.96
340,firm,F1,26791.99
340,firm,F2,14747.21
340,firm,F3,561390.86
340,firm,F4,427224.67
340,firm,F5,222705.77
340,firm,F6,435992.26
340,firm,F7,47285.76
340,firm,F8,832176.76
340,firm,F9,480549.05
340,firm,F10,255898.52
350,agent,G0,493636.77
350,agent,G1,4794.84
350,agent,G2,519224.34
350,agent,G3,156031.94
350,agent,G4,661577.69
350,agent,G5,391265.98
350,agent,G6,212753.87
350,agent,G7,96445.55
350,agent,G8,228237.13
350,agent,G9,-151878.08
350,firm,F0,226883.83
350,firm,F1,370615.25
350,firm,F2,257151.09
350,firm,F3,26139.84
350,firm,F4,3686.80
350,firm,F5,382079.46
350,firm,F6,799050.75
350,firm,F7,3686.80
350,firm,F8,11821.44
350,firm,F9,458241.30
350,firm,F10,262651.04
350,firm,F11,281566.13
350,firm,F12,281566.13
360,agent,G0,442334.33
360,agent,G1,-112896.01
360,agent,G2,280570.72
360,agent,G3,147945.91
360,agent,G4,437091.49
360,agent,G5,306954.61
360,agent,G6,563961.30
360,agent,G7,116722.85
360,agent,G8,419843.25
360,agent,G9,-137248.85
360,firm,F0,277027.23
360,firm,F1,382079.46
360,firm,F2,601133.75
360,firm,F3,3686.80
360,firm,F4,303437.04
360,firm,F5,640519.79
360,firm,F6,422416.64
360,firm,F7,375887.58
360,firm,F8,278273.67
360,firm,F9,9395.42
360,firm,F10,9395.42
370,agent,G0,267320.82
370,agent,G1,-59691.88
370,agent,G2,177405.99
370,agent,G3,139124.15
370,agent,G4,130794.95
370,agent,G5,447570.89
370,agent,G6,331867.07
370,agent,G7,127539.50
370,agent,G8,216998.77
370,agent,G9,-98819.17
370,firm,F0,2949.44
370,firm,F1,7516.33
370,firm,F2,3758.17
370,firm,F3,3268.28
370,firm,F4,571683.56
370,firm,F5,191490.18
370,firm,F6,190788.42
370,firm,F7,469695.21
370,firm,F8,619088.77
370,firm,F9,112662.70
370,firm,F10,112662.70
380,agent,G0,294994.08
380,agent,G1,-44339.32
380,agent,G2,159017.02
380,agent,G3,142744.99
380,agent,G4,161633.48
380,agent,G5,406784.89
380,agent,G6,190863.14
380,agent,G7,124837.50
380,agent,G8,254038.05
380,agent,G9,-71180.28
380,firm,F0,7906.40
380,firm,F1,549974.88
380,firm,F2,655937.27
380,firm,F3,213406.81
380,firm,F4,244456.95
380,firm,F5,427460.60
380,firm,F6,240537.89
390,agent,G0,375649.77
390,agent,G1,-44339.32
390,agent,G2,209076.33
390,agent,G3,5857.21
390,agent,G4,213839.72
390,agent,G5,441068.35
390,agent,G6,202979.09
390,agent,G7,47867.52
390,agent,G8,336425.21
390,agent,G9,-71180.28
390,firm,F0,669204.78
390,firm,F1,244810.63
390,firm,F2,587577.23
390,firm,F3,132850.87
390,firm,F4,475815.96
400,agent,G0,275729.69
400,agent,G1,-7079.48
400,agent,G2,221267.85
400,agent,G3,-180157.79
400,agent,G4,209298.64
400,agent,G5,353548.47
400,agent,G6,183858.43
400,agent,G7,71729.94
400,agent,G8,403464.70
400,agent,G9,-71180.28
400,firm,F0,288295.91
400,firm,F1,167301.19
400,firm,F2,83650.60
400,firm,F3,344742.64
400,firm,F4,439821.63
400,firm,F5,439821.63
400,firm,F6,367770.10
410,agent,G0,300266.09
410,agent,G1,-13936.38
410,agent,G2,191692.66
410,agent,G3,-148846.41
410,agent,G4,228445.76
410,agent,G5,315789.79
410,agent,G6,177058.05
410,agent,G7,70110.30
410,agent,G8,399883.65
410,agent,G9,-44957.55
410,firm,F0,83650.60
410,firm,F1,429929.03
410,firm,F2,54977.70
410,firm,F3,489342.21
410,firm,F4,230135.71
410,firm,F5,60197.91
410,firm,F6,60197.91
410,firm,F7,228531.70
410,firm,F8,230436.23
410,firm,F9,54977.70
410,firm,F10,54977.70
420,agent,G0,195009.54
420,agent,G1,-8991.67
420,agent,G2,117239.69
420,agent,G3,-78204.24
420,agent,G4,83619.57
420,agent,G5,194880.93
420,agent,G6,119127.44
420,agent,G7,-68021.29
420,agent,G8,170123.20
420,agent,G9,-32131.28
420,firm,F0,68571.40
420,firm,F1,43982.16
420,firm,F2,376760.41
420,firm,F3,272918.97
420,firm,F4,49274.36
420,firm,F5,45041.86
420,firm,F6,34759.25
420,firm,F7,46087.25
420,firm,F8,91412.68
420,firm,F9,58130.76
420,firm,F10,11099.38
420,firm,F11,388746.81
420,firm,F12,52678.14
430,agent,G0,204707.75
430,agent,G1,-8041.39
430,agent,G2,91458.65
430,agent,G3,-78204.24
430,agent,G4,27335.50
430,agent,G5,214453.89
430,agent,G6,118658.23
430,agent,G7,-55537.73
430,agent,G8,177411.03
430,agent,G9,-28775.57
430,firm,F0,239401.22
430,firm,F1,46873.11
430,firm,F2,56248.08
430,firm,F3,651288.10
430,firm,F4,23043.62
430,firm,F5,23043.62
430,firm,F6,151515.86
430,firm,F7,91712.53
430,firm,F8,11712.53
430,firm,F9,11712.53
430,firm,F10,103592.02
440,agent,G0,270639.79
440,agent,G1,35572.36
440,agent,G2,18893.78
440,agent,G3,-62606.22
440,agent,G4,31487.80
440,agent,G5,131235.64
440,agent,G6,123495.47
440,agent,G7,-62959.00
440,agent,G8,99254.30
440,agent,G9,-25783.92
440,firm,F0,47745.68
440,firm,F1,28124.04
440,firm,F2,14955.60
440,firm,F3,79459.05
440,firm,F4,26307.43
440,firm,F5,26307.43
440,firm,F6,279254.00
450,agent,G0,241988.51
450,agent,G1,17046.89
450,agent,G2,6357.24
450,agent,G3,-48355.53
450,agent,G4,20366.20
450,agent,G5,125748.64
450,agent,G6,148032.80
450,agent,G7,-61576.65
450,agent,G8,136121.30
450,agent,G9,20851.95
450,firm,F0,26600.78
450,firm,F1,55223.49
450,firm,F2,31020.67
450,firm,F3,71543.29
450,firm,F4,75607.73
450,firm,F5,54072.94
450,firm,F6,54072.94
450,firm,F7,22187.62
450,firm,F8,22187.62
460,agent,G0,245222.84
460,agent,G1,10419.92
460,agent,G2,-3225.65
460,agent,G3,-48355.53
460,agent,G4,27536.68
460,agent,G5,118702.79
460,agent,G6,92365.65
460,agent,G7,-43918.39
460,agent,G8,91141.91
460,agent,G9,31770.57
460,firm,F0,75675.17
460,firm,F1,22597.39
460,firm,F2,62096.76
460,firm,F3,58266.34
460,firm,F4,59087.56
460,firm,F5,58057.14
460,firm,F6,66315.89
470,agent,G0,117316.08
470,agent,G1,10650.11
470,agent,G2,-6514.39
470,agent,G3,-25064.84
470,agent,G4,38817.83
470,agent,G5,65958.75
470,agent,G6,55457.27
470,agent,G7,-23463.76
470,agent,G8,40222.08
470,agent,G9,20468.04
470,firm,F0,20334.23
470,firm,F1,19233.63
470,firm,F2,106008.22
470,firm,F3,57329.92
470,firm,F4,56370.82
470,firm,F5,5826.63
470,firm,F6,5826.63
470,firm,F7,11946.69
470,firm,F8,11946.69
470,firm,F9,5826.63
470,firm,F10,5826.63
480,agent,G0,89579.83
480,agent,G1,18565.27
480,agent,G2,-6514.39
480,agent,G3,-20064.72
480,agent,G4,27422.41
480,agent,G5,59497.28
480,agent,G6,53195.48
480,agent,G7,-20824.10
480,agent,G8,61668.98
480,agent,G9,29485.02
480,firm,F0,46226.02
480,firm,F1,11042.97
480,firm,F2,5599.09
480,firm,F3,47991.11
480,firm,F4,2913.32
480,firm,F5,5973.35
480,firm,F6,5973.35
480,firm,F7,7254.03
480,firm,F8,2913.32
480,firm,F9,72194.14
480,firm,F10,20793.93
480,firm,F11,21069.55
480,firm,F12,24767.64
480,firm,F13,1887.58
480,firm,F14,1887.58
490,agent,G0,102154.46
490,agent,G1,7142.21
490,agent,G2,-8991.55
490,agent,G3,-15535.22
490,agent,G4,27422.41
490,agent,G5,57119.84
490,agent,G6,47076.58
490,agent,G7,-16705.69
490,agent,G8,61470.88
490,agent,G9,27504.02
490,firm,F0,47815.12
490,firm,F1,3687.37
490,firm,F2,62795.55
490,firm,F3,21069.55
490,firm,F4,1887.58
490,firm,F5,33345.02
490,firm,F6,18661.19
490,firm,F7,56990.34
490,firm,F8,16247.53
490,firm,F9,9670.41
490,firm,F10,9670.41
500,agent,G0,76423.24
500,agent,G1,11757.09
500,agent,G2,-4561.88
500,agent,G3,-16022.41
500,agent,G4,36040.07
500,agent,G5,69226.82
500,agent,G6,41501.49
500,agent,G7,-16705.69
500,agent,G8,30806.77
500,agent,G9,31639.26
500,firm,F0,22325.22
500,firm,F1,19079.96
500,firm,F2,10534.78
500,firm,F3,10791.75
500,firm,F4,857.22
500,firm,F5,17707.63
500,firm,F6,5077.45
500,firm,F7,61403.53
500,firm,F8,34484.91
500,firm,F9,471.89
500,firm,F10,471.89
500,firm,F11,14431.96
500,firm,F12,84873.62
500,firm,F13,2538.72
500,firm,F14,2538.72
